사이트 이름,홈페이지 주소
정부24,https://www.gov.kr/
기획재정부,https://www.moef.go.kr/
과학기술정보통신부,https://www.msit.go.kr/
법무부,https://www.moj.go.kr/moj/
농림축산식품부,https://www.mafra.go.kr/
산업통상자원부,https://www.motie.go.kr/
보건복지부,https://www.mohw.go.kr/
환경부,https://me.go.kr/
고용노동부,https://www.moel.go.kr/
국토교통부,https://www.molit.go.kr/
공정거래위원회,https://www.ftc.go.kr/
경찰청,https://www.police.go.kr/
감사원,https://www.bai.go.kr/
인재개발정보센터,https://www.training.go.kr/
국가과학기술자문회의,https://www.pacst.go.kr/
국가보훈부,https://www.mpva.go.kr/
국가정보원,https://www.nis.go.kr/
국립수산과학원,https://www.nifs.go.kr/
국방부,https://www.mnd.go.kr/
국세청,https://www.nts.go.kr/
기상청,https://www.weather.go.kr/
농촌진흥청,https://www.rda.go.kr/
대검찰청,https://www.spo.go.kr/
대한민국 육군,https://www.army.mil.kr/
대한민국 공군,https://rokaf.airforce.mil.kr/
대한민국 해군,https://www.navy.mil.kr/
문화체육관광부,https://www.mcst.go.kr/
사법연구원,https://jrti.scourt.go.kr/
중앙선거관리위원회,https://www.nec.go.kr/
한국소비자원,https://www.kca.go.kr/
해양경찰청,https://www.kcg.go.kr/
해양수산부,https://www.mof.go.kr/
행정중심복합도시건설청,https://naacc.go.kr/
교육부,https://www.moe.go.kr/
통일부,https://www.unikorea.go.kr/
외교부,https://www.mofa.go.kr/
행정안전부,ttps://www.mois.go.kr/
여성가족부,https://www.mogef.go.kr/
법제처,https://www.moleg.go.kr/
국가기록원,https://www.archives.go.kr/
소방청,https://www.nfa.go.kr/
관세청,https://www.customs.go.kr/
통계청,https://kostat.go.kr/
병무청,https://www.mma.go.kr/
문화재청,https://www.cha.go.kr/
산림청,https://www.forest.go.kr/
특허청,https://www.kipo.go.kr/
하나은행,https://www.kebhana.com/
제일은행,https://www.standardchartered.co.kr/
국민은행,https://www.kbstar.com/
신한은행,https://www.shinhan.com/
외환은행,http://www.keb.co.kr/
우리은행,https://www.wooribank.com/
한국시티은행,https://www.citibank.co.kr/
농협은행,https://www.nonghyup.com/
수협은행,https://www.suhyup-bank.com/
기업은행,https://www.ibk.co.kr/
케이뱅크,https://www.kbanknow.com/
저축은행,https://www.osb.co.kr/
NH농협,https://banking.nonghyup.com/
CJ대한통운,https://www.cjlogistics.com/
한진택배,https://www.hanjin.com/
롯데택배,https://www.lotteglogis.com/
우체국택배,https://www.epost.go.kr/
로젠택배,https://www.ilogen.com/
경동택배,https://kdexp.com/
합동택배,https://hdexp.co.kr/
CU 편의점택배,https://www.cupost.co.kr/
GS Postbox 택배,https://www.cvsnet.co.kr/
서울시 여론조사,https://research.seoul.go.kr/
경기도 온라인 여론조사,https://survey.gg.go.kr/
금융결제원,https://www.kftc.or.kr/
금융감독원,https://www.fss.or.kr/
KOSCOM,https://www.koscom.co.kr/
국제금융센터,https://www.kcif.or.kr/
한국거래소,http://www.krx.co.kr/
한국조폐조사,https://www.komsco.com/
한국증권금융,https://www.ksfc.co.kr:4443/
금융투자협회,https://www.kofia.or.kr/
새마을금고중앙회,https://www.kfcc.co.kr/
한국관광공사,https://knto.or.kr/
한국무역보험공사,https://www.ksure.or.kr/
한국무역협회,https://www.kita.net/
한국반도체산업협회,https://www.ksia.or.kr/
과학기술정책연구원,https://www.stepi.re.kr/
국가경영전략연구원,http://www.nsi.or.kr/
국토연구원,https://www.krihs.re.kr/
대신경제연구소,http://www.deri.co.kr/
대외경제정책연구원,https://www.kiep.go.kr/
산업연구원,https://www.kiet.re.kr/
산업정책연구원,https://www.ips.or.kr/
서울연구원,http://www.sdi.re.kr/
정보통신정책연구원,https://www.kisdi.re.kr/
한국경제연구소,http://xn--289a0mb027rs6ekudl15a.kr/
한국경제연구원,http://www.keri.org/
한국개발연구원,https://www.kdi.re.kr/
한국경제정책연구소,http://www.kiep21.or.kr/
한국금융연구원,https://www.kif.re.kr/
한국조세재정연구원,https://www.kipf.re.kr/
